{"cameraMode":{"drawMode":0,"name":"Shaded","section":"Shading Mode"},"sceneLighting":true,"audioPlay":false,"sceneViewState":{"m_AlwaysRefresh":false,"showFog":true,"showSkybox":true,"showFlares":true,"showImageEffects":true,"showParticleSystems":true,"showVisualEffectGraphs":true,"m_FxEnabled":true},"in2DMode":false,"pivot":{"x":121.1343002319336,"y":200.10385131835938,"z":-8.96527099609375},"rotation":{"x":-0.0102106723934412,"y":-0.02490568347275257,"z":-0.00026623200392350554,"w":0.9996040463447571},"size":283.0210266113281,"orthographic":false}