{"cameraMode":{"drawMode":0,"name":"Shaded","section":"Shading Mode"},"sceneLighting":true,"audioPlay":false,"sceneViewState":{"m_AlwaysRefresh":false,"showFog":true,"showSkybox":true,"showFlares":true,"showImageEffects":true,"showParticleSystems":true,"showVisualEffectGraphs":true,"m_FxEnabled":true},"in2DMode":false,"pivot":{"x":-0.24644052982330323,"y":0.5064823627471924,"z":-0.10759557038545609},"rotation":{"x":0.047137822955846789,"y":0.5958167910575867,"z":-0.035065073519945148,"w":0.8009315729141235},"size":0.32352176308631899,"orthographic":false}