{"cameraMode":{"drawMode":0,"name":"Shaded","section":"Shading Mode"},"sceneLighting":false,"audioPlay":false,"sceneViewState":{"m_AlwaysRefresh":false,"showFog":true,"showSkybox":false,"showFlares":true,"showImageEffects":true,"showParticleSystems":true,"showVisualEffectGraphs":true,"m_FxEnabled":true},"in2DMode":false,"pivot":{"x":0.6498069763183594,"y":-0.37168025970458987,"z":3.90529727935791},"rotation":{"x":-0.02280626818537712,"y":0.009594707749783993,"z":-0.00021891630603931844,"w":-0.9996917247772217},"size":7.952673435211182,"orthographic":false}